timestamp,instance_name,cli_args,hpo_strategy_name,best_hyperparameters,solving_time_budget,final_runtime,final_objective,final_status
2025-06-06T20:00:42.168504,KidneyExchange-4-061_c23.xml,"{""input"": ""tests/xcsp3/cop/UNKNOWN/KidneyExchange-4-061_c23.xml"", ""solver"": ""xcsp:ACE@2.4"", ""output_dir"": ""results_comparison"", ""global_time_limit"": 600, ""max_tries"": 50, ""tuning_file"": ""tests/psa/ace.tuning.json"", ""hpo_strategy"": ""bayesian"", ""global_time_strategy"": ""PERCENT"", ""percent"": 0.2, ""round_time_strategy"": ""STATIC"", ""time_evolution"": ""STATIC"", ""stop_strategy"": ""TIMEOUT""}",BayesianOptimizationStrategy,"{""bdc"": 10, ""generic2"": false, ""lc"": 10, ""negative"": ""STR1"", ""ng"": ""NO"", ""pc1"": false, ""saf"": false, ""toh"": false, ""valh"": ""Median"", ""varh"": ""Memory""}",480.0,3.0318106249906123,11,ExitStatus.OPTIMAL
2025-06-06T20:14:21.091960,Hsp-10405_c23.xml,"{""input"": ""tests/xcsp3/cop/UNKNOWN/Hsp-10405_c23.xml"", ""solver"": ""xcsp:ACE@2.4"", ""output_dir"": ""results_comparison"", ""global_time_limit"": 600, ""max_tries"": 50, ""tuning_file"": ""tests/psa/ace.tuning.json"", ""hpo_strategy"": ""bayesian"", ""global_time_strategy"": ""PERCENT"", ""percent"": 0.2, ""round_time_strategy"": ""STATIC"", ""time_evolution"": ""STATIC"", ""stop_strategy"": ""TIMEOUT""}",BayesianOptimizationStrategy,"{""bdc"": 10, ""generic2"": true, ""lc"": 1, ""negative"": ""V"", ""ng"": ""NO"", ""pc1"": true, ""saf"": false, ""toh"": true, ""valh"": ""FlrsE"", ""varh"": ""FrbaOnDom""}",480.0,0.6341358339996077,198,ExitStatus.OPTIMAL
2025-06-06T20:17:11.581773,ProgressiveParty-rally-red12-05_c23.xml,"{""input"": ""tests/xcsp3/cop/UNKNOWN/ProgressiveParty-rally-red12-05_c23.xml"", ""solver"": ""xcsp:ACE@2.4"", ""output_dir"": ""results_comparison"", ""global_time_limit"": 600, ""max_tries"": 50, ""tuning_file"": ""tests/psa/ace.tuning.json"", ""hpo_strategy"": ""bayesian"", ""global_time_strategy"": ""PERCENT"", ""percent"": 0.2, ""round_time_strategy"": ""STATIC"", ""time_evolution"": ""STATIC"", ""stop_strategy"": ""TIMEOUT""}",BayesianOptimizationStrategy,"{""varh"": ""Lexico"", ""valh"": ""Median"", ""saf"": false, ""pc1"": true, ""bdc"": 1, ""toh"": true, ""ng"": ""RST"", ""lc"": 2, ""negative"": ""STR1N"", ""generic2"": true}",480.0,0.7458314579853322,5,ExitStatus.OPTIMAL
2025-06-06T20:19:42.291916,SREFLP-Cl07_c23.xml,"{""input"": ""tests/xcsp3/cop/UNKNOWN/SREFLP-Cl07_c23.xml"", ""solver"": ""xcsp:ACE@2.4"", ""output_dir"": ""results_comparison"", ""global_time_limit"": 600, ""max_tries"": 50, ""tuning_file"": ""tests/psa/ace.tuning.json"", ""hpo_strategy"": ""bayesian"", ""global_time_strategy"": ""PERCENT"", ""percent"": 0.2, ""round_time_strategy"": ""STATIC"", ""time_evolution"": ""STATIC"", ""stop_strategy"": ""TIMEOUT""}",BayesianOptimizationStrategy,"{""bdc"": 1000, ""generic2"": false, ""lc"": 0, ""negative"": ""STR1N"", ""ng"": ""RST"", ""pc1"": false, ""saf"": false, ""toh"": false, ""valh"": ""Conflicts"", ""varh"": ""FrbaOnDom""}",480.0,1.0993935829901602,1590,ExitStatus.OPTIMAL
2025-06-06T20:22:44.709385,RIP-25-0-j060-01-01_c23.xml,"{""input"": ""tests/xcsp3/cop/UNKNOWN/RIP-25-0-j060-01-01_c23.xml"", ""solver"": ""xcsp:ACE@2.4"", ""output_dir"": ""results_comparison"", ""global_time_limit"": 600, ""max_tries"": 50, ""tuning_file"": ""tests/psa/ace.tuning.json"", ""hpo_strategy"": ""bayesian"", ""global_time_strategy"": ""PERCENT"", ""percent"": 0.2, ""round_time_strategy"": ""STATIC"", ""time_evolution"": ""STATIC"", ""stop_strategy"": ""TIMEOUT""}",BayesianOptimizationStrategy,"{""bdc"": 1, ""generic2"": false, ""lc"": 10, ""negative"": ""STR1"", ""ng"": ""NO"", ""pc1"": true, ""saf"": true, ""toh"": true, ""valh"": ""OccsR"", ""varh"": ""PickOnDom""}",480.0,0.9667596660146955,187,ExitStatus.OPTIMAL
2025-06-06T20:26:04.606861,RIP-25-2-j060-20-01_c23.xml,"{""input"": ""tests/xcsp3/cop/UNKNOWN/RIP-25-2-j060-20-01_c23.xml"", ""solver"": ""xcsp:ACE@2.4"", ""output_dir"": ""results_comparison"", ""global_time_limit"": 600, ""max_tries"": 50, ""tuning_file"": ""tests/psa/ace.tuning.json"", ""hpo_strategy"": ""bayesian"", ""global_time_strategy"": ""PERCENT"", ""percent"": 0.2, ""round_time_strategy"": ""STATIC"", ""time_evolution"": ""STATIC"", ""stop_strategy"": ""TIMEOUT""}",BayesianOptimizationStrategy,"{""bdc"": 10, ""generic2"": false, ""lc"": 10, ""negative"": ""STR3"", ""ng"": ""RST"", ""pc1"": false, ""saf"": false, ""toh"": true, ""valh"": ""RunRobin"", ""varh"": ""RunRobin""}",480.0,0.9608009160147049,119,ExitStatus.OPTIMAL
2025-06-06T20:56:27.766307,Benzenoide-06_c23.xml,"{""input"": ""tests/xcsp3/cop/UNKNOWN/Benzenoide-06_c23.xml"", ""solver"": ""xcsp:ACE@2.4"", ""output_dir"": ""results_comparison"", ""global_time_limit"": 600, ""max_tries"": 50, ""tuning_file"": ""tests/psa/ace.tuning.json"", ""hpo_strategy"": ""bayesian"", ""global_time_strategy"": ""PERCENT"", ""percent"": 0.2, ""round_time_strategy"": ""STATIC"", ""time_evolution"": ""STATIC"", ""stop_strategy"": ""TIMEOUT""}",BayesianOptimizationStrategy,"{""bdc"": 10, ""generic2"": false, ""lc"": 1, ""negative"": ""STR1"", ""ng"": ""NO"", ""pc1"": false, ""saf"": true, ""toh"": true, ""valh"": ""First"", ""varh"": ""Memory""}",480.0,1.3291805000044405,64,ExitStatus.OPTIMAL
2025-06-06T21:00:08.276912,Hsp-aux-10405_c23.xml,"{""input"": ""tests/xcsp3/cop/UNKNOWN/Hsp-aux-10405_c23.xml"", ""solver"": ""xcsp:ACE@2.4"", ""output_dir"": ""results_comparison"", ""global_time_limit"": 600, ""max_tries"": 50, ""tuning_file"": ""tests/psa/ace.tuning.json"", ""hpo_strategy"": ""bayesian"", ""global_time_strategy"": ""PERCENT"", ""percent"": 0.2, ""round_time_strategy"": ""STATIC"", ""time_evolution"": ""STATIC"", ""stop_strategy"": ""TIMEOUT""}",BayesianOptimizationStrategy,"{""varh"": ""PickOnDom"", ""valh"": ""Rand"", ""saf"": false, ""pc1"": false, ""bdc"": 10, ""toh"": false, ""ng"": ""NO"", ""lc"": 0, ""negative"": ""STR2"", ""generic2"": false}",480.0,0.6357048749923706,198,ExitStatus.OPTIMAL
2025-06-06T21:02:12.025879,KidneyExchange-4-041_c23.xml,"{""input"": ""tests/xcsp3/cop/UNKNOWN/KidneyExchange-4-041_c23.xml"", ""solver"": ""xcsp:ACE@2.4"", ""output_dir"": ""results_comparison"", ""global_time_limit"": 600, ""max_tries"": 50, ""tuning_file"": ""tests/psa/ace.tuning.json"", ""hpo_strategy"": ""bayesian"", ""global_time_strategy"": ""PERCENT"", ""percent"": 0.2, ""round_time_strategy"": ""STATIC"", ""time_evolution"": ""STATIC"", ""stop_strategy"": ""TIMEOUT""}",BayesianOptimizationStrategy,"{""bdc"": 1, ""generic2"": true, ""lc"": 2, ""negative"": ""STR3"", ""ng"": ""RST"", ""pc1"": true, ""saf"": false, ""toh"": false, ""valh"": ""Median"", ""varh"": ""Wdeg""}",480.0,1.0653758329863194,1,ExitStatus.OPTIMAL
2025-06-06T21:04:47.870185,KidneyExchange-4-051_c23.xml,"{""input"": ""tests/xcsp3/cop/UNKNOWN/KidneyExchange-4-051_c23.xml"", ""solver"": ""xcsp:ACE@2.4"", ""output_dir"": ""results_comparison"", ""global_time_limit"": 600, ""max_tries"": 50, ""tuning_file"": ""tests/psa/ace.tuning.json"", ""hpo_strategy"": ""bayesian"", ""global_time_strategy"": ""PERCENT"", ""percent"": 0.2, ""round_time_strategy"": ""STATIC"", ""time_evolution"": ""STATIC"", ""stop_strategy"": ""TIMEOUT""}",BayesianOptimizationStrategy,"{""bdc"": 10, ""generic2"": true, ""lc"": 2, ""negative"": ""STR2"", ""ng"": ""NO"", ""pc1"": true, ""saf"": false, ""toh"": false, ""valh"": ""Median"", ""varh"": ""RunRobin""}",480.0,1.6852946250000969,1,ExitStatus.OPTIMAL
2025-06-06T21:14:13.526537,ProgressiveParty-rally-red12-07_c23.xml,"{""input"": ""tests/xcsp3/cop/UNKNOWN/ProgressiveParty-rally-red12-07_c23.xml"", ""solver"": ""xcsp:ACE@2.4"", ""output_dir"": ""results_comparison"", ""global_time_limit"": 600, ""max_tries"": 50, ""tuning_file"": ""tests/psa/ace.tuning.json"", ""hpo_strategy"": ""bayesian"", ""global_time_strategy"": ""PERCENT"", ""percent"": 0.2, ""round_time_strategy"": ""STATIC"", ""time_evolution"": ""STATIC"", ""stop_strategy"": ""TIMEOUT""}",BayesianOptimizationStrategy,"{""bdc"": 1, ""generic2"": false, ""lc"": 5, ""negative"": ""STR0"", ""ng"": ""NO"", ""pc1"": true, ""saf"": true, ""toh"": false, ""valh"": ""OccsR"", ""varh"": ""Lexico""}",480.0,1.1020851669891272,7,ExitStatus.OPTIMAL
2025-06-06T21:17:30.836923,ProgressiveParty-rally-red12-09_c23.xml,"{""input"": ""tests/xcsp3/cop/UNKNOWN/ProgressiveParty-rally-red12-09_c23.xml"", ""solver"": ""xcsp:ACE@2.4"", ""output_dir"": ""results_comparison"", ""global_time_limit"": 600, ""max_tries"": 50, ""tuning_file"": ""tests/psa/ace.tuning.json"", ""hpo_strategy"": ""bayesian"", ""global_time_strategy"": ""PERCENT"", ""percent"": 0.2, ""round_time_strategy"": ""STATIC"", ""time_evolution"": ""STATIC"", ""stop_strategy"": ""TIMEOUT""}",BayesianOptimizationStrategy,"{""bdc"": 10, ""generic2"": false, ""lc"": 2, ""negative"": ""STR2N"", ""ng"": ""RST"", ""pc1"": false, ""saf"": true, ""toh"": true, ""valh"": ""FlrsE"", ""varh"": ""RunRobin""}",480.0,0.7250884590030182,9,ExitStatus.OPTIMAL
2025-06-06T21:20:32.083952,Sonet-s2ring02_c23.xml,"{""input"": ""tests/xcsp3/cop/UNKNOWN/Sonet-s2ring02_c23.xml"", ""solver"": ""xcsp:ACE@2.4"", ""output_dir"": ""results_comparison"", ""global_time_limit"": 600, ""max_tries"": 50, ""tuning_file"": ""tests/psa/ace.tuning.json"", ""hpo_strategy"": ""bayesian"", ""global_time_strategy"": ""PERCENT"", ""percent"": 0.2, ""round_time_strategy"": ""STATIC"", ""time_evolution"": ""STATIC"", ""stop_strategy"": ""TIMEOUT""}",BayesianOptimizationStrategy,"{""bdc"": 10, ""generic2"": true, ""lc"": 1, ""negative"": ""STR0"", ""ng"": ""NO"", ""pc1"": false, ""saf"": true, ""toh"": false, ""valh"": ""First"", ""varh"": ""RunRobin""}",480.0,0.553520584013313,14,ExitStatus.OPTIMAL
2025-06-07T21:50:06.478820,ProgressiveParty-rally-red12-09_c23.xml,"{""input"": ""tests/xcsp3/cop/UNKNOWN/ProgressiveParty-rally-red12-09_c23.xml"", ""solver"": ""xcsp:ACE@2.4"", ""output_dir"": ""results_comparison"", ""global_time_limit"": 600, ""max_tries"": 50, ""tuning_file"": ""tests/psa/ace.tuning.json"", ""hpo_strategy"": ""hamming"", ""global_time_strategy"": ""PERCENT"", ""percent"": 0.2, ""round_time_strategy"": ""STATIC"", ""time_evolution"": ""STATIC"", ""stop_strategy"": ""TIMEOUT""}",HammingDistanceNoPSAStrategy,"{""varh"": ""Wdeg"", ""valh"": ""Vals"", ""saf"": ""False"", ""pc1"": ""True"", ""bdc"": ""10"", ""toh"": ""False"", ""ng"": ""NO"", ""lc"": ""2"", ""negative"": ""V"", ""generic2"": ""True""}",0.0,1.0930027500144206,9,ExitStatus.OPTIMAL
2025-06-07T22:02:36.489547,RIP-25-0-j060-01-01_c23.xml,"{""input"": ""tests/xcsp3/cop/UNKNOWN/RIP-25-0-j060-01-01_c23.xml"", ""solver"": ""xcsp:ACE@2.4"", ""output_dir"": ""results_comparison"", ""global_time_limit"": 600, ""max_tries"": 50, ""tuning_file"": ""tests/psa/ace.tuning.json"", ""hpo_strategy"": ""hamming"", ""global_time_strategy"": ""PERCENT"", ""percent"": 0.2, ""round_time_strategy"": ""STATIC"", ""time_evolution"": ""STATIC"", ""stop_strategy"": ""TIMEOUT""}",HammingDistanceNoPSAStrategy,"{""varh"": ""Wdeg"", ""valh"": ""FlrsE"", ""saf"": ""False"", ""pc1"": ""True"", ""bdc"": ""1"", ""toh"": ""False"", ""ng"": ""NO"", ""lc"": ""5"", ""negative"": ""V"", ""generic2"": ""True""}",0.0,0.9242089159961324,1099,ExitStatus.OPTIMAL
2025-06-07T22:29:45.318040,SREFLP-Cl07_c23.xml,"{""input"": ""tests/xcsp3/cop/UNKNOWN/SREFLP-Cl07_c23.xml"", ""solver"": ""xcsp:ACE@2.4"", ""output_dir"": ""results_comparison"", ""global_time_limit"": 600, ""max_tries"": 50, ""tuning_file"": ""tests/psa/ace.tuning.json"", ""hpo_strategy"": ""hamming"", ""global_time_strategy"": ""PERCENT"", ""percent"": 0.2, ""round_time_strategy"": ""STATIC"", ""time_evolution"": ""STATIC"", ""stop_strategy"": ""TIMEOUT""}",HammingDistanceNoPSAStrategy,"{""varh"": ""RunRobin"", ""valh"": ""First"", ""saf"": ""False"", ""pc1"": ""True"", ""bdc"": ""1"", ""toh"": ""False"", ""ng"": ""NO"", ""lc"": ""2"", ""negative"": ""V"", ""generic2"": ""True""}",0.0,1.5502578339946922,1590,ExitStatus.FEASIBLE
2025-06-07T23:18:04.879056,Hsp-10405_c23.xml,"{""input"": ""tests/xcsp3/cop/UNKNOWN/Hsp-10405_c23.xml"", ""solver"": ""xcsp:ACE@2.4"", ""output_dir"": ""results_comparison"", ""global_time_limit"": 600, ""max_tries"": 50, ""tuning_file"": ""tests/psa/ace.tuning.json"", ""hpo_strategy"": ""hamming"", ""global_time_strategy"": ""PERCENT"", ""percent"": 0.2, ""round_time_strategy"": ""STATIC"", ""time_evolution"": ""STATIC"", ""stop_strategy"": ""TIMEOUT""}",HammingDistanceNoPSAStrategy,"{""varh"": ""Wdeg"", ""valh"": ""OccsR"", ""saf"": ""False"", ""pc1"": ""True"", ""bdc"": ""1"", ""toh"": ""False"", ""ng"": ""NO"", ""lc"": ""2"", ""negative"": ""V"", ""generic2"": ""True""}",0.0,0.9450800839986186,,ExitStatus.OPTIMAL
2025-06-08T09:42:14.041880,KidneyExchange-4-051_c23.xml,"{""input"": ""tests/xcsp3/cop/UNKNOWN/KidneyExchange-4-051_c23.xml"", ""solver"": ""xcsp:ACE@2.4"", ""output_dir"": ""results_comparison"", ""global_time_limit"": 600, ""max_tries"": 50, ""tuning_file"": ""tests/psa/ace.tuning.json"", ""hpo_strategy"": ""hamming"", ""global_time_strategy"": ""PERCENT"", ""percent"": 0.2, ""round_time_strategy"": ""STATIC"", ""time_evolution"": ""STATIC"", ""stop_strategy"": ""TIMEOUT""}",HammingDistanceNoPSAStrategy,"{""varh"": ""Wdeg"", ""valh"": ""Bivs3"", ""saf"": ""False"", ""pc1"": ""True"", ""bdc"": ""1"", ""toh"": ""False"", ""ng"": ""NO"", ""lc"": ""2"", ""negative"": ""V"", ""generic2"": ""True""}",0.0,14.5470702079474,1,ExitStatus.FEASIBLE
2025-06-08T10:13:03.259159,KidneyExchange-4-061_c23.xml,"{""input"": ""tests/xcsp3/cop/UNKNOWN/KidneyExchange-4-061_c23.xml"", ""solver"": ""xcsp:ACE@2.4"", ""output_dir"": ""results_comparison"", ""global_time_limit"": 600, ""max_tries"": 50, ""tuning_file"": ""tests/psa/ace.tuning.json"", ""hpo_strategy"": ""hamming"", ""global_time_strategy"": ""PERCENT"", ""percent"": 0.2, ""round_time_strategy"": ""STATIC"", ""time_evolution"": ""STATIC"", ""stop_strategy"": ""TIMEOUT""}",HammingDistanceNoPSAStrategy,"{""varh"": ""Wdeg"", ""valh"": ""First"", ""saf"": false, ""pc1"": true, ""bdc"": 1, ""toh"": false, ""ng"": ""NO"", ""lc"": 2, ""negative"": ""V"", ""generic2"": true, ""sb"": ""NO""}",0.0,600.6358110409928,,ExitStatus.FEASIBLE
2025-06-08T10:26:01.400125,ProgressiveParty-rally-red12-05_c23.xml,"{""input"": ""tests/xcsp3/cop/UNKNOWN/ProgressiveParty-rally-red12-05_c23.xml"", ""solver"": ""xcsp:ACE@2.4"", ""output_dir"": ""results_comparison"", ""global_time_limit"": 600, ""max_tries"": 50, ""tuning_file"": ""tests/psa/ace.tuning.json"", ""hpo_strategy"": ""hamming"", ""global_time_strategy"": ""PERCENT"", ""percent"": 0.2, ""round_time_strategy"": ""STATIC"", ""time_evolution"": ""STATIC"", ""stop_strategy"": ""TIMEOUT""}",HammingDistanceNoPSAStrategy,"{""varh"": ""PickOnDom"", ""valh"": ""First"", ""saf"": ""False"", ""pc1"": ""True"", ""bdc"": ""1"", ""toh"": ""True"", ""ng"": ""NO"", ""lc"": ""2"", ""negative"": ""V"", ""generic2"": ""True""}",0.0,1.1099124579923227,5,ExitStatus.OPTIMAL
2025-06-08T10:39:06.479542,ProgressiveParty-rally-red12-07_c23.xml,"{""input"": ""tests/xcsp3/cop/UNKNOWN/ProgressiveParty-rally-red12-07_c23.xml"", ""solver"": ""xcsp:ACE@2.4"", ""output_dir"": ""results_comparison"", ""global_time_limit"": 600, ""max_tries"": 50, ""tuning_file"": ""tests/psa/ace.tuning.json"", ""hpo_strategy"": ""hamming"", ""global_time_strategy"": ""PERCENT"", ""percent"": 0.2, ""round_time_strategy"": ""STATIC"", ""time_evolution"": ""STATIC"", ""stop_strategy"": ""TIMEOUT""}",HammingDistanceNoPSAStrategy,"{""varh"": ""WdegOnDom"", ""valh"": ""OccsR"", ""saf"": ""False"", ""pc1"": ""True"", ""bdc"": ""1"", ""toh"": ""False"", ""ng"": ""NO"", ""lc"": ""2"", ""negative"": ""V"", ""generic2"": ""True""}",0.0,1.330030250013806,7,ExitStatus.OPTIMAL
2025-06-08T12:41:03.592344,Sonet-s2ring02_c23.xml,"{""input"": ""tests/xcsp3/cop/UNKNOWN/Sonet-s2ring02_c23.xml"", ""solver"": ""xcsp:ACE@2.4"", ""output_dir"": ""results_comparison"", ""global_time_limit"": 600, ""max_tries"": 50, ""tuning_file"": ""tests/psa/ace.tuning.json"", ""hpo_strategy"": ""hamming"", ""global_time_strategy"": ""PERCENT"", ""percent"": 0.2, ""round_time_strategy"": ""STATIC"", ""time_evolution"": ""STATIC"", ""stop_strategy"": ""TIMEOUT""}",HammingDistanceNoPSAStrategy,"{""varh"": ""FrbaOnDom"", ""valh"": ""OccsR"", ""saf"": ""False"", ""pc1"": ""True"", ""bdc"": ""1"", ""toh"": ""False"", ""ng"": ""NO"", ""lc"": ""2"", ""negative"": ""V"", ""generic2"": ""True""}",0.0,5.650582749978639,14,ExitStatus.OPTIMAL
2025-06-09T09:18:43.878861,Sonet-s3ring03_c23.xml,"{""input"": ""tests/xcsp3/cop/UNKNOWN/Sonet-s3ring03_c23.xml"", ""solver"": ""xcsp:ACE@2.4"", ""output_dir"": ""results_comparison"", ""global_time_limit"": 600, ""max_tries"": 50, ""tuning_file"": ""tests/psa/ace.tuning.json"", ""hpo_strategy"": ""hamming"", ""global_time_strategy"": ""PERCENT"", ""percent"": 0.2, ""round_time_strategy"": ""STATIC"", ""time_evolution"": ""STATIC"", ""stop_strategy"": ""TIMEOUT""}",HammingDistanceNoPSAStrategy,"{""varh"": ""Wdeg"", ""valh"": ""First"", ""saf"": false, ""pc1"": true, ""bdc"": 1, ""toh"": false, ""ng"": ""NO"", ""lc"": 2, ""negative"": ""V"", ""generic2"": true, ""sb"": ""NO""}",0.0,600.8527243749704,,ExitStatus.FEASIBLE
2025-06-09T09:28:49.436899,Sonet-s3ring09_c23.xml,"{""input"": ""tests/xcsp3/cop/UNKNOWN/Sonet-s3ring09_c23.xml"", ""solver"": ""xcsp:ACE@2.4"", ""output_dir"": ""results_comparison"", ""global_time_limit"": 600, ""max_tries"": 50, ""tuning_file"": ""tests/psa/ace.tuning.json"", ""hpo_strategy"": ""hamming"", ""global_time_strategy"": ""PERCENT"", ""percent"": 0.2, ""round_time_strategy"": ""STATIC"", ""time_evolution"": ""STATIC"", ""stop_strategy"": ""TIMEOUT""}",HammingDistanceNoPSAStrategy,"{""varh"": ""Wdeg"", ""valh"": ""First"", ""saf"": false, ""pc1"": true, ""bdc"": 1, ""toh"": false, ""ng"": ""NO"", ""lc"": 2, ""negative"": ""V"", ""generic2"": true, ""sb"": ""NO""}",0.0,600.5670505829621,,ExitStatus.FEASIBLE
2025-06-09T09:39:05.277374,Sonet-s3ring13_c23.xml,"{""input"": ""tests/xcsp3/cop/UNKNOWN/Sonet-s3ring13_c23.xml"", ""solver"": ""xcsp:ACE@2.4"", ""output_dir"": ""results_comparison"", ""global_time_limit"": 600, ""max_tries"": 50, ""tuning_file"": ""tests/psa/ace.tuning.json"", ""hpo_strategy"": ""hamming"", ""global_time_strategy"": ""PERCENT"", ""percent"": 0.2, ""round_time_strategy"": ""STATIC"", ""time_evolution"": ""STATIC"", ""stop_strategy"": ""TIMEOUT""}",HammingDistanceNoPSAStrategy,"{""varh"": ""Wdeg"", ""valh"": ""First"", ""saf"": false, ""pc1"": true, ""bdc"": 1, ""toh"": false, ""ng"": ""NO"", ""lc"": 2, ""negative"": ""V"", ""generic2"": true, ""sb"": ""NO""}",0.0,600.7400110840099,,ExitStatus.FEASIBLE
2025-06-09T09:49:20.862260,Sonet-s3ring14_c23.xml,"{""input"": ""tests/xcsp3/cop/UNKNOWN/Sonet-s3ring14_c23.xml"", ""solver"": ""xcsp:ACE@2.4"", ""output_dir"": ""results_comparison"", ""global_time_limit"": 600, ""max_tries"": 50, ""tuning_file"": ""tests/psa/ace.tuning.json"", ""hpo_strategy"": ""hamming"", ""global_time_strategy"": ""PERCENT"", ""percent"": 0.2, ""round_time_strategy"": ""STATIC"", ""time_evolution"": ""STATIC"", ""stop_strategy"": ""TIMEOUT""}",HammingDistanceNoPSAStrategy,"{""varh"": ""Wdeg"", ""valh"": ""First"", ""saf"": false, ""pc1"": true, ""bdc"": 1, ""toh"": false, ""ng"": ""NO"", ""lc"": 2, ""negative"": ""V"", ""generic2"": true, ""sb"": ""NO""}",0.0,600.5706784159993,,ExitStatus.FEASIBLE
2025-06-09T10:11:47.739119,KidneyExchange-4-041_c23.xml,"{""input"": ""tests/xcsp3/cop/UNKNOWN/KidneyExchange-4-041_c23.xml"", ""solver"": ""xcsp:ACE@2.4"", ""output_dir"": ""results_comparison"", ""global_time_limit"": 600, ""max_tries"": 50, ""tuning_file"": ""tests/psa/ace.tuning.json"", ""hpo_strategy"": ""hamming"", ""global_time_strategy"": ""PERCENT"", ""percent"": 0.2, ""round_time_strategy"": ""STATIC"", ""time_evolution"": ""STATIC"", ""stop_strategy"": ""TIMEOUT""}",HammingDistanceNoPSAStrategy,"{""varh"": ""Wdeg"", ""valh"": ""Last"", ""saf"": ""False"", ""pc1"": ""True"", ""bdc"": ""1"", ""toh"": ""False"", ""ng"": ""NO"", ""lc"": ""2"", ""negative"": ""VA"", ""generic2"": ""True""}",0.0,1.2899492920259945,,ExitStatus.OPTIMAL
2025-06-09T11:26:17.797950,Benzenoide-06_c23.xml,"{""input"": ""tests/xcsp3/cop/UNKNOWN/Benzenoide-06_c23.xml"", ""solver"": ""xcsp:ACE@2.4"", ""output_dir"": ""results_comparison"", ""global_time_limit"": 600, ""max_tries"": 50, ""tuning_file"": ""tests/psa/ace.tuning.json"", ""hpo_strategy"": ""hamming"", ""global_time_strategy"": ""PERCENT"", ""percent"": 0.2, ""round_time_strategy"": ""STATIC"", ""time_evolution"": ""STATIC"", ""stop_strategy"": ""TIMEOUT""}",HammingDistanceNoPSAStrategy,"{""varh"": ""FrbaOnDom"", ""valh"": ""First"", ""saf"": ""False"", ""pc1"": ""True"", ""bdc"": ""1"", ""toh"": ""True"", ""ng"": ""NO"", ""lc"": ""2"", ""negative"": ""STR0"", ""generic2"": ""True""}",0.0,1.468116750009358,,ExitStatus.OPTIMAL
2025-06-09T12:17:21.823872,Hsp-aux-10405_c23.xml,"{""input"": ""tests/xcsp3/cop/UNKNOWN/Hsp-aux-10405_c23.xml"", ""solver"": ""xcsp:ACE@2.4"", ""output_dir"": ""results_comparison"", ""global_time_limit"": 600, ""max_tries"": 50, ""tuning_file"": ""tests/psa/ace.tuning.json"", ""hpo_strategy"": ""hamming"", ""global_time_strategy"": ""PERCENT"", ""percent"": 0.2, ""round_time_strategy"": ""STATIC"", ""time_evolution"": ""STATIC"", ""stop_strategy"": ""TIMEOUT""}",HammingDistanceNoPSAStrategy,"{""varh"": ""Wdeg"", ""valh"": ""First"", ""saf"": ""True"", ""pc1"": ""True"", ""bdc"": ""1"", ""toh"": ""False"", ""ng"": ""NO"", ""lc"": ""5"", ""negative"": ""STR2N"", ""generic2"": ""True""}",0.0,0.5821825420134701,198,ExitStatus.OPTIMAL
2025-06-09T12:43:22.434990,RIP-25-2-j060-20-01_c23.xml,"{""input"": ""tests/xcsp3/cop/UNKNOWN/RIP-25-2-j060-20-01_c23.xml"", ""solver"": ""xcsp:ACE@2.4"", ""output_dir"": ""results_comparison"", ""global_time_limit"": 600, ""max_tries"": 50, ""tuning_file"": ""tests/psa/ace.tuning.json"", ""hpo_strategy"": ""hamming"", ""global_time_strategy"": ""PERCENT"", ""percent"": 0.2, ""round_time_strategy"": ""STATIC"", ""time_evolution"": ""STATIC"", ""stop_strategy"": ""TIMEOUT""}",HammingDistanceNoPSAStrategy,"{""varh"": ""Wdeg"", ""valh"": ""First"", ""saf"": false, ""pc1"": true, ""bdc"": 1, ""toh"": false, ""ng"": ""NO"", ""lc"": 2, ""negative"": ""V"", ""generic2"": true, ""sb"": ""NO""}",0.0,600.9213589160354,,ExitStatus.FEASIBLE
