round,stagnation_round,phase,runtime,objective,status,bdc,generic2,lc,negative,ng,p,pc1,saf,sc2,sc3,toh,valh,varh
1,1,probing,1.047951375003322,5610,ExitStatus.FEASIBLE,1,True,2,V,RST,AC,True,False,Bits,Matrix3D,False,First,Wdeg
2,2,probing,1.0137369169970043,,ExitStatus.UNKNOWN,1,True,0,STR3,RST,SAC3,True,True,Table,MDD,False,Conflicts,FrbaOnDom
3,1,probing,1.0460425830096938,5499,ExitStatus.FEASIBLE,1,False,0,V,NO,AC,False,False,Tries,Tries,False,OccsR,Lexico
4,2,probing,1.0420795830141287,5635,ExitStatus.FEASIBLE,1,False,5,STR2N,NO,AC,True,True,Bits,MDD,False,Last,Lexico
5,3,probing,1.0291622919903602,,ExitStatus.UNKNOWN,1,True,2,VA,NO,GT,True,True,Bits,Table,False,Last,Rand
6,4,probing,1.0178690000029746,,ExitStatus.UNKNOWN,1,True,0,STR1,NO,BT,False,False,TableHybrid,Table,False,Median,Rand
7,5,probing,1.047206916991854,6199,ExitStatus.FEASIBLE,100,False,5,CMDDO,RST,AC,True,False,Tries,Matrix2D,False,OccsR,Rand
8,6,probing,1.0294027499912772,6131,ExitStatus.FEASIBLE,1,True,2,CMDDO,NO,SAC3,False,False,Bits,Matrix3D,False,OccsR,FrbaOnDom
9,7,probing,0.7362809170008404,8768,ExitStatus.FEASIBLE,1000,True,2,V,RST,GT,True,False,MDD,Matrix2D,True,Median,FrbaOnDom
10,8,probing,1.014967292008805,,ExitStatus.UNKNOWN,10,True,10,CMDDS,NO,AC,False,True,TableHybrid,Matrix2D,False,Conflicts,Memory
11,9,probing,1.0400929169991286,6346,ExitStatus.FEASIBLE,1000,True,1,CT,NO,AC,False,False,Tries,Matrix2D,False,Median,PickOnDom
12,10,probing,1.0136320419987896,,ExitStatus.UNKNOWN,100,False,10,STR0,RST,BT,True,True,Bits,Bits,True,Last,Memory
13,11,probing,1.015632957991329,,ExitStatus.UNKNOWN,1000,False,5,CT,NO,BT,False,False,TableHybrid,Table,True,First,RunRobin
14,12,probing,1.0382440829998814,,ExitStatus.UNKNOWN,1000,True,5,V,NO,AP,False,True,Tries,Table,True,Vals,Impact
15,13,probing,1.0216271669924026,,ExitStatus.UNKNOWN,1,False,10,CMDDO,RST,SAC3,True,True,Matrix3D,Tries,True,Conflicts,RunRobin
16,1,probing,0.7409762080060318,3099,ExitStatus.FEASIBLE,1,False,0,STR1,RST,BT,True,False,Table,Matrix3D,False,Vals,RunRobin
17,2,probing,0.7440889999998035,7016,ExitStatus.FEASIBLE,1,False,0,STR3,RST,GT,True,True,Table,Tries,True,Rand,PickOnDom
18,3,probing,1.0256992500071647,6180,ExitStatus.FEASIBLE,1,False,1,CMDDS,RST,SAC3,True,True,Matrix2D,Bits,False,Median,Impact
19,4,probing,1.0267335410026135,6295,ExitStatus.FEASIBLE,1000,True,1,STR2,RST,AP,False,True,TableHybrid,Table,True,Rand,Impact
20,5,probing,1.016548874991713,,ExitStatus.UNKNOWN,10,False,10,STR1N,NO,BT,False,False,Matrix3D,Matrix3D,True,Conflicts,RunRobin
21,6,probing,1.0242293329938548,6137,ExitStatus.FEASIBLE,10,False,0,STR2,NO,SAC3,True,True,TableHybrid,Tries,True,Vals,WdegOnDom
22,7,probing,1.0293879169912543,6008,ExitStatus.FEASIBLE,1000,False,1,V,RST,AP,False,False,TableHybrid,Table,False,RunRobin,Memory
23,8,probing,1.030353207999724,5719,ExitStatus.FEASIBLE,1000,False,1,V,RST,AP,False,False,MDD,Tries,False,OccsR,Wdeg
24,9,probing,1.032191749996855,,ExitStatus.UNKNOWN,1,False,10,CMDDS,NO,GT,True,False,TableHybrid,Table,False,Median,RunRobin
25,10,probing,1.0261909580003703,,ExitStatus.UNKNOWN,100,False,5,CMDDS,NO,GT,False,False,Bits,Tries,True,Rand,Memory
26,11,probing,1.0117983749951236,,ExitStatus.UNKNOWN,10,False,0,V,NO,AC,True,True,Matrix2D,TableHybrid,False,Conflicts,WdegOnDom
27,12,probing,0.7521669590059901,7127,ExitStatus.FEASIBLE,1000,True,1,CMDDS,NO,GT,False,False,Matrix2D,MDD,False,OccsR,WdegOnDom
28,13,probing,1.0180437910021283,,ExitStatus.UNKNOWN,1000,False,1,CT,NO,BT,True,True,Bits,Matrix3D,True,Conflicts,Impact
29,14,probing,1.0149009580054553,,ExitStatus.UNKNOWN,1,True,2,V,RST,BT,True,False,MDD,Table,True,Rand,Lexico
30,15,probing,1.0490844580053817,5829,ExitStatus.FEASIBLE,1,True,5,STR1,RST,AP,True,False,Tries,TableHybrid,False,Median,Activity
31,16,probing,1.0725110420025885,,ExitStatus.UNKNOWN,1,False,5,VA,NO,AC,False,False,Matrix2D,MDD,True,First,FrbaOnDom
32,17,probing,1.0514297089976026,5379,ExitStatus.FEASIBLE,10,True,10,STR1,NO,AP,False,True,Matrix3D,Matrix3D,True,OccsR,Wdeg
33,18,probing,1.0308067500009201,,ExitStatus.UNKNOWN,1,True,5,STR0,NO,BT,True,True,MDD,MDD,False,Conflicts,Memory
34,19,probing,1.0333657919982215,,ExitStatus.UNKNOWN,1,True,0,VA,NO,BT,False,True,Bits,Matrix3D,True,First,Memory
35,1,probing,0.9944082080037333,0,ExitStatus.FEASIBLE,100,False,0,STR1N,RST,GT,True,False,Matrix2D,Matrix2D,True,RunRobin,RunRobin
36,2,probing,1.031281207993743,,ExitStatus.UNKNOWN,1,True,5,V,NO,SAC3,False,False,Matrix2D,Bits,False,First,Lexico
37,3,probing,1.0138349589979043,,ExitStatus.UNKNOWN,1000,False,0,V,RST,SAC3,True,False,Table,Matrix3D,False,Conflicts,Wdeg
38,4,probing,1.023417749995133,,ExitStatus.UNKNOWN,100,False,2,STR1N,RST,BT,False,False,Tries,TableHybrid,False,Conflicts,Lexico
39,5,probing,1.0282630000001518,5881,ExitStatus.FEASIBLE,1000,True,10,CMDDS,NO,SAC3,True,True,Table,MDD,False,Vals,Wdeg
40,6,probing,0.7977570419898257,7127,ExitStatus.FEASIBLE,100,True,1,STR2,NO,GT,False,False,TableHybrid,MDD,False,OccsR,RunRobin
41,7,probing,1.0487670000002254,5574,ExitStatus.FEASIBLE,100,False,2,STR2,RST,AP,True,False,Table,Matrix2D,False,Rand,Memory
42,8,probing,1.034622582999873,,ExitStatus.UNKNOWN,10,False,2,STR3,RST,BT,False,True,Table,Table,True,Median,Memory
43,9,probing,1.0310061250056606,,ExitStatus.UNKNOWN,10,True,5,CT,RST,BT,False,False,Table,Bits,False,Conflicts,Wdeg
44,10,probing,1.0160987499984913,,ExitStatus.UNKNOWN,100,True,2,CT,NO,GT,False,False,Bits,Matrix3D,False,First,Rand
45,11,probing,1.0406782499921974,5717,ExitStatus.FEASIBLE,100,False,5,CT,RST,AC,True,False,Tries,MDD,True,Median,Lexico
46,12,probing,0.8803284169989638,6660,ExitStatus.FEASIBLE,1,True,2,STR2,RST,BT,False,False,Matrix3D,Bits,False,Last,PickOnDom
47,13,probing,1.037780833998113,5639,ExitStatus.FEASIBLE,100,True,0,V,NO,AC,False,True,MDD,Bits,True,Last,PickOnDom
48,14,probing,1.035978542000521,5619,ExitStatus.FEASIBLE,100,False,1,STR2N,NO,AC,True,True,MDD,TableHybrid,False,Median,FrbaOnDom
49,15,probing,1.0124746250075987,,ExitStatus.UNKNOWN,1,False,2,CT,RST,BT,True,False,Matrix3D,Bits,True,Vals,Activity
50,16,probing,1.0148088329879101,,ExitStatus.UNKNOWN,100,False,5,STR0,RST,SAC3,True,True,MDD,Table,False,Conflicts,FrbaOnDom
51,17,probing,0.6419250839971937,7016,ExitStatus.FEASIBLE,1,False,0,STR2,NO,GT,True,True,Matrix2D,Bits,False,Rand,PickOnDom
52,18,probing,1.0152377500053262,,ExitStatus.UNKNOWN,1000,True,5,CT,NO,AC,True,False,Tries,Tries,True,Conflicts,FrbaOnDom
53,19,probing,1.0406909580051433,5775,ExitStatus.FEASIBLE,1000,True,5,V,RST,AC,False,True,Tries,TableHybrid,True,Rand,PickOnDom
54,20,probing,1.0174481669964734,6089,ExitStatus.FEASIBLE,1000,False,0,CT,NO,SAC3,True,False,MDD,Matrix2D,False,Last,Lexico
No Round,No Stagnation Round,solving,0.7039749579998897,0,ExitStatus.FEASIBLE,100,False,0,STR1N,RST,GT,True,False,Matrix2D,Matrix2D,True,RunRobin,RunRobin
